{
  "metadata": {
    "project": "Chess Robot Corner Movement - Improved Final Version",
    "version": "5.0 Improved Final",
    "timestamp": "2025-06-12T10:19:06",
    "success_rate": 1.0,
    "improvements": [
      "Fixed coordinate system (removed URDF offset)",
      "Added reachability constraints and workspace limits",
      "Enhanced IK solver with more strategies",
      "Automatic target adjustment for unreachable positions",
      "Improved starting poses for difficult configurations",
      "Comprehensive error handling and validation"
    ]
  },
  "coordinate_analysis": {
    "world_corners": {
      "front_left": [
        0.65,
        0.14,
        0.405
      ],
      "front_right": [
        0.85,
        0.14,
        0.405
      ],
      "back_left": [
        0.65,
        -0.060000000000000005,
        0.405
      ],
      "back_right": [
        0.85,
        -0.060000000000000005,
        0.405
      ]
    },
    "robot_corners": {
      "front_left": [
        -0.09750000000000003,
        -0.135,
        0.030000000000000027
      ],
      "front_right": [
        0.10249999999999992,
        -0.135,
        0.030000000000000027
      ],
      "back_left": [
        -0.09750000000000003,
        -0.335,
        0.030000000000000027
      ],
      "back_right": [
        0.10249999999999992,
        -0.335,
        0.030000000000000027
      ]
    },
    "board_size": 0.2,
    "robot_position": [
      0.7475,
      0.275,
      0.375
    ],
    "board_center": [
      0.75,
      0.04,
      0.405
    ],
    "workspace_constraints": {
      "min_reach": 0.15,
      "max_reach": 0.35
    },
    "coordinate_system": "gazebo_native_with_reachability"
  },
  "target_positions": {
    "front_left": {
      "primary": [
        -0.09750000000000003,
        -0.135,
        0.12890000000000001
      ],
      "higher": [
        -0.09750000000000003,
        -0.135,
        0.1489
      ],
      "pulled_back": [
        -0.09750000000000003,
        -0.115,
        0.12890000000000001
      ]
    },
    "front_right": {
      "primary": [
        0.10249999999999992,
        -0.135,
        0.12890000000000001
      ],
      "higher": [
        0.10249999999999992,
        -0.135,
        0.1489
      ],
      "pulled_back": [
        0.10249999999999992,
        -0.115,
        0.12890000000000001
      ]
    },
    "back_left": {
      "primary": [
        -0.08650366938377599,
        -0.29721773583143535,
        0.11436228701096124
      ]
    },
    "back_right": {
      "primary": [
        0.09061285936519464,
        -0.2961493452423437,
        0.11395119582608391
      ]
    }
  },
  "ik_solutions": {
    "front_left": {
      "position": [
        -0.09750000000000003,
        -0.135,
        0.12890000000000001
      ],
      "joints": [
        0.9346609355752857,
        -0.5708869038823394,
        1.1179707324483206,
        0.5523862048060365,
        0.09121623000378153
      ],
      "method": "primary"
    },
    "front_right": {
      "position": [
        0.10249999999999992,
        -0.135,
        0.12890000000000001
      ],
      "joints": [
        -0.47228487084081583,
        -0.7343695949406828,
        1.187190404681149,
        0.7397167191819402,
        0.26713502513656073
      ],
      "method": "primary"
    },
    "back_left": {
      "position": [
        -0.08650366938377599,
        -0.29721773583143535,
        0.11436228701096124
      ],
      "joints": [
        0.4350052999871752,
        0.4863804440240115,
        0.17643905628449105,
        0.08143063066108068,
        -0.02091877353226455
      ],
      "method": "primary"
    },
    "back_right": {
      "position": [
        0.09061285936519464,
        -0.2961493452423437,
        0.11395119582608391
      ],
      "joints": [
        -0.18173175199553654,
        0.4007671882386472,
        0.28239292382767545,
        0.11261958286326432,
        0.034523487076551534
      ],
      "method": "primary"
    }
  },
  "joint_configuration": {
    "joint_names": [
      "shoulder_rotation",
      "shoulder_pitch",
      "elbow",
      "wrist_pitch",
      "wrist_roll"
    ],
    "joint_limits": {
      "shoulder_rotation": [
        -1.91986,
        1.91986
      ],
      "shoulder_pitch": [
        -1.74533,
        1.74533
      ],
      "elbow": [
        -1.74533,
        1.74533
      ],
      "wrist_pitch": [
        -1.74533,
        1.74533
      ],
      "wrist_roll": [
        -2.79253,
        2.79253
      ]
    },
    "end_effector": "gripper_jaw"
  },
  "workspace_constraints": {
    "min_reach": 0.15,
    "max_reach": 0.35
  }
}